Column1,Column2,Column3,Column4,Column5,Column6,Column7,Column8,Column9,Column10,Column11,Column12,Column13,Column14,Column15,Column16,Column17,Column18,Column19,Column20,Column21,Column22,Column23,Column24,Column25,Column26,Column27,Column28,Column29,Column30
100.03333333333333,100.13333333333334,100.3,100.53333333333333,100.83333333333333,101.2,101.63333333333334,102.13333333333334,102.7,103.33333333333333,104.03333333333333,104.8,105.63333333333334,106.53333333333333,107.5,108.53333333333333,109.63333333333333,110.8,112.03333333333333,113.33333333333333,114.7,116.13333333333333,117.63333333333333,119.2,120.83333333333333,122.53333333333333,124.3,126.13333333333333,128.03333333333333,130.0
